{
    "ip" : "172.25.109.252",
    "video_port" : 5000,
    "control_port" : 5001,
    "width" : 640,
    "height" : 480,
    "model_path" : "./yolov10n.pt",
    "object_label" :  {
        "id": "obj_label",
        "hsv_range": {
            "lower": [
                53.374375,
                40.70125,
                80.479375
            ],
            "upper": [
                93.374375,
                150.70125000000002,
                190.479375
            ]
        },
        "geo_info" : [
            [0.0, 0.0, 0.0],
            [0.095, 0.0, 0.0],
            [0.095, 0.095, 0.0],
            [0.0, 0.095, 0.0]
        ]
    },
    "map_label" : [
        {
            "id" : "map_label_1",
            "hsv_range": {
                "lower": [
                    53.374375,
                    40.70125,
                    80.479375
                ],
                "upper": [
                    93.374375,
                    150.70125000000002,
                    190.479375
                ]
            },
            "geo_info" : [
                [0.0, 0.0, 0.0],
                [0.095, 0.0, 0.0],
                [0.095, 0.095, 0.0],
                [0.0, 0.095, 0.0]
            ],
            "position" : [
                0.0,0.0,0.0
            ],
            "orientation" : [
                0.0,0.0,0.0
            ]       
        }
    ]
}