{
    "ip" : "172.25.109.252",
    "video_port" : 5000,
    "control_port" : 5001,
    "width" : 640,
    "height" : 480,
    "model_path" : "./yolov10n.pt",
    "object_label" :  {
        "id": "label0",
        "hsv_range": {
            "lower": [
                53.374375,
                47.70125,
                84.479375
            ],
            "upper": [
                93.374375,
                147.70125000000002,
                184.479375
            ]
        },
        "geo_info" : [
            [0.0, 0.0, 0.0],
            [0.095, 0.0, 0.0],
            [0.095, 0.095, 0.0],
            [0.0, 0.095, 0.0]
        ]
    }
}